INSERT INTO BAND(ID, NAME) VALUES (1000, 'Pink Floyd');
INSERT INTO BAND(ID, NAME) VALUES (1001, 'Guns n roses');
INSERT INTO BAND(ID, NAME) VALUES (1002, 'Metallica');
INSERT INTO BAND(ID, NAME) VALUES (1003, 'Rolling Stones');
INSERT INTO BAND(ID, NAME) VALUES (1004, 'The Ramones');
INSERT INTO BAND(ID, NAME) VALUES (1005, 'Megadeth');
INSERT INTO BAND(ID, NAME) VALUES (1006, 'AC/DC');
INSERT INTO BAND(ID, NAME) VALUES (1007, 'Deep Purple');
INSERT INTO BAND(ID, NAME) VALUES (1008, 'Sum41');
INSERT INTO BAND(ID, NAME) VALUES (1009, 'Off Spring');

INSERT INTO MEMBER(ID, NAME) VALUES (1001,'Queen Frankie Gross (Fania)');
INSERT INTO MEMBER(ID, NAME) VALUES (1002,'Queen Genevieve Clark');
INSERT INTO MEMBER(ID, NAME) VALUES (1003,'Queen Veronica Graves');
INSERT INTO MEMBER(ID, NAME) VALUES (1004,'Queen Stacey ODoherty (Asya)');
INSERT INTO MEMBER(ID, NAME) VALUES (1005,'Queen Gertrude Hudson');
INSERT INTO MEMBER(ID, NAME) VALUES (1006,'Queen Madeleine Taylor');
INSERT INTO MEMBER(ID, NAME) VALUES (1007,'Queen Jasmine Collier');
INSERT INTO MEMBER(ID, NAME) VALUES (1008,'Queen Daisy Burke');
INSERT INTO MEMBER(ID, NAME) VALUES (1009,'Queen Aaliyah York');
INSERT INTO MEMBER(ID, NAME) VALUES (1010,'Queen Anika Walsh');
INSERT INTO MEMBER(ID, NAME) VALUES (1011,'Queen Katy Stone');
INSERT INTO MEMBER(ID, NAME) VALUES (1012,'Queen Aliyah Jarvis');
INSERT INTO MEMBER(ID, NAME) VALUES (1013,'Queen Constance Carroll');
INSERT INTO MEMBER(ID, NAME) VALUES (1014,'Queen Talia Bush');
INSERT INTO MEMBER(ID, NAME) VALUES (1015,'Queen Ava Dunlap');
INSERT INTO MEMBER(ID, NAME) VALUES (1016,'Queen Haleema Poole');
INSERT INTO MEMBER(ID, NAME) VALUES (1017,'Queen Robbie Bender');
INSERT INTO MEMBER(ID, NAME) VALUES (1018,'Queen Laila Shelton');
INSERT INTO MEMBER(ID, NAME) VALUES (1019,'Queen Eleanor Fisher (Ellie)');
INSERT INTO MEMBER(ID, NAME) VALUES (1020,'Queen Abigail Cardenas');
INSERT INTO MEMBER(ID, NAME) VALUES (1021,'Queen Kimberly Jacobs');
INSERT INTO MEMBER(ID, NAME) VALUES (1022,'Queen Crystal Lynn');
INSERT INTO MEMBER(ID, NAME) VALUES (1023,'Queen Felix Nichols');
INSERT INTO MEMBER(ID, NAME) VALUES (1024,'Queen Victoria Cooper');
INSERT INTO MEMBER(ID, NAME) VALUES (1025,'Queen Charlie Wolf (Chick)');
INSERT INTO MEMBER(ID, NAME) VALUES (1026,'Queen Jamie Petty');
INSERT INTO MEMBER(ID, NAME) VALUES (1027,'Queen Danielle Connor (Dannon)');
INSERT INTO MEMBER(ID, NAME) VALUES (1028,'Queen Betty Thomas (Ilsa)');
INSERT INTO MEMBER(ID, NAME) VALUES (1029,'Queen Annabel Hardy');
INSERT INTO MEMBER(ID, NAME) VALUES (1030,'Queen Yasmine Buckley');

INSERT INTO BAND_MEMBERS(BAND_ID, MEMBERS_ID) VALUES (1000,1001);
INSERT INTO BAND_MEMBERS(BAND_ID, MEMBERS_ID) VALUES (1000,1002);
INSERT INTO BAND_MEMBERS(BAND_ID, MEMBERS_ID) VALUES (1000,1003);
INSERT INTO BAND_MEMBERS(BAND_ID, MEMBERS_ID) VALUES (1000,1004);
INSERT INTO BAND_MEMBERS(BAND_ID, MEMBERS_ID) VALUES (1000,1005);
INSERT INTO BAND_MEMBERS(BAND_ID, MEMBERS_ID) VALUES (1000,1006);
INSERT INTO BAND_MEMBERS(BAND_ID, MEMBERS_ID) VALUES (1001,1007);
INSERT INTO BAND_MEMBERS(BAND_ID, MEMBERS_ID) VALUES (1001,1008);
INSERT INTO BAND_MEMBERS(BAND_ID, MEMBERS_ID) VALUES (1001,1009);
INSERT INTO BAND_MEMBERS(BAND_ID, MEMBERS_ID) VALUES (1002,1010);
INSERT INTO BAND_MEMBERS(BAND_ID, MEMBERS_ID) VALUES (1002,1011);
INSERT INTO BAND_MEMBERS(BAND_ID, MEMBERS_ID) VALUES (1002,1012);
INSERT INTO BAND_MEMBERS(BAND_ID, MEMBERS_ID) VALUES (1002,1013);
INSERT INTO BAND_MEMBERS(BAND_ID, MEMBERS_ID) VALUES (1003,1014);
INSERT INTO BAND_MEMBERS(BAND_ID, MEMBERS_ID) VALUES (1004,1015);
INSERT INTO BAND_MEMBERS(BAND_ID, MEMBERS_ID) VALUES (1004,1016);
INSERT INTO BAND_MEMBERS(BAND_ID, MEMBERS_ID) VALUES (1005,1017);
INSERT INTO BAND_MEMBERS(BAND_ID, MEMBERS_ID) VALUES (1005,1018);
INSERT INTO BAND_MEMBERS(BAND_ID, MEMBERS_ID) VALUES (1005,1019);
INSERT INTO BAND_MEMBERS(BAND_ID, MEMBERS_ID) VALUES (1006,1020);
INSERT INTO BAND_MEMBERS(BAND_ID, MEMBERS_ID) VALUES (1006,1021);
INSERT INTO BAND_MEMBERS(BAND_ID, MEMBERS_ID) VALUES (1006,1022);
INSERT INTO BAND_MEMBERS(BAND_ID, MEMBERS_ID) VALUES (1006,1023);
INSERT INTO BAND_MEMBERS(BAND_ID, MEMBERS_ID) VALUES (1007,1024);
INSERT INTO BAND_MEMBERS(BAND_ID, MEMBERS_ID) VALUES (1008,1025);
INSERT INTO BAND_MEMBERS(BAND_ID, MEMBERS_ID) VALUES (1008,1026);
INSERT INTO BAND_MEMBERS(BAND_ID, MEMBERS_ID) VALUES (1008,1027);
INSERT INTO BAND_MEMBERS(BAND_ID, MEMBERS_ID) VALUES (1008,1028);
INSERT INTO BAND_MEMBERS(BAND_ID, MEMBERS_ID) VALUES (1009,1029);
INSERT INTO BAND_MEMBERS(BAND_ID, MEMBERS_ID) VALUES (1009,1030);

INSERT INTO EVENT(ID, TITLE, IMG_URL) VALUES (1000, 'GrasPop Metal Meeting', 'img/1000.jpeg');
INSERT INTO EVENT(ID, TITLE, IMG_URL) VALUES (1001, 'Alcatraz Fest', 'img/1001.jpeg');
INSERT INTO EVENT(ID, TITLE, IMG_URL) VALUES (1002, 'Les Vieilles Charrues', 'img/1002.jpeg');
INSERT INTO EVENT(ID, TITLE, IMG_URL) VALUES (1003, 'Download Festival', 'img/1003.jpeg');
INSERT INTO EVENT(ID, TITLE, IMG_URL) VALUES (1004, 'Motocultor', 'img/1004.jpeg');

INSERT INTO EVENT_BANDS(EVENT_ID, BANDS_ID) VALUES (1000, 1000);
INSERT INTO EVENT_BANDS(EVENT_ID, BANDS_ID) VALUES (1000, 1001);
INSERT INTO EVENT_BANDS(EVENT_ID, BANDS_ID) VALUES (1000, 1002);
INSERT INTO EVENT_BANDS(EVENT_ID, BANDS_ID) VALUES (1000, 1003);
INSERT INTO EVENT_BANDS(EVENT_ID, BANDS_ID) VALUES (1000, 1004);
INSERT INTO EVENT_BANDS(EVENT_ID, BANDS_ID) VALUES (1001, 1005);
INSERT INTO EVENT_BANDS(EVENT_ID, BANDS_ID) VALUES (1002, 1006);
INSERT INTO EVENT_BANDS(EVENT_ID, BANDS_ID) VALUES (1003, 1000);
INSERT INTO EVENT_BANDS(EVENT_ID, BANDS_ID) VALUES (1004, 1007);
INSERT INTO EVENT_BANDS(EVENT_ID, BANDS_ID) VALUES (1004, 1008);
INSERT INTO EVENT_BANDS(EVENT_ID, BANDS_ID) VALUES (1004, 1009);
